last name;
BrğŸ˜€ğŸ˜‚gh;
ğŸ˜€'H3r$;
BğŸ˜€wtğŸ˜€n;
H3ll$d$;
T3tğŸ˜‚m;
3ntğŸ˜€sch;
;
H$dd$;
Rï¿½c3rdğŸ˜€ğŸ˜‚;
ğŸ˜‚ng$r$r;
Sl$fğŸ˜€rd;
CğŸ˜€ln$tt;
Str$wth$r;
G3lg$y;
ğŸ˜€xl3d$;
D$rï¿½ngtğŸ˜€n;
BğŸ˜‚ndy;
BğŸ˜‚ddï¿½ng;
ğŸ˜€'CğŸ˜€nn$ll;
P$nn;
FrğŸ˜€gl$y;
CrğŸ˜€ptğŸ˜€n;
GğŸ˜€ldspï¿½nk;
3v$s;
BğŸ˜‚rmï¿½ngh3m;
$dwï¿½nsğŸ˜€n;
Zï¿½$ms;
;
JğŸ˜€bsğŸ˜€n;
S3l3s3r;
S$3rl;
Wï¿½lld$r;
PrğŸ˜€b$y;
DğŸ˜€rs$t;
P$gl$r;
PğŸ˜€pl$y;
Brï¿½dg$s;
;
CğŸ˜€l3m;
HğŸ˜‚ll$tt;
C3ld$rğŸ˜€;
;
;
MğŸ˜€ğŸ˜‚ltğŸ˜€n;
B$3m3nd;
D$ Gr$g3rï¿½ğŸ˜€;
3ddl$stğŸ˜€n$;
Tr$3sğŸ˜‚r$;
Dï¿½ckï¿½ngs;
;
ï¿½3c3pğŸ˜‚ccï¿½;
3twï¿½ll;
B3st3bl$;
GğŸ˜€ğŸ˜‚d3rd;
PğŸ˜€ğŸ˜‚rv$$r;
Tr$v$s;
Hï¿½ğŸ˜€m;
G3mbï¿½$;
M$rrï¿½sğŸ˜€n;
L3msh$3d;
Gï¿½llï¿½ngw3t$r;
3lb3sï¿½nï¿½;
BrğŸ˜‚gm3n;
H3b$rsh3w;
Bl3nkl$y;
CğŸ˜€ğŸ˜€p$y;
G3rthsï¿½d$;
S$stğŸ˜€n;
MğŸ˜‚rcğŸ˜‚tt;
K$ll$t;
D$nslğŸ˜€w;
;
C3nnï¿½ff$;
JğŸ˜€ll;
Dï¿½llğŸ˜€w;
St3nnğŸ˜‚s;
ğŸ˜€'CğŸ˜€nn$l;
3llï¿½sğŸ˜€n;
H3vğŸ˜€c;
;
W$ï¿½ns;
B$3dn3ll;
FğŸ˜€wl$y;
TrğŸ˜€dl$r;
;
CğŸ˜‚dbï¿½rd;
L$sl$y;
W$stğŸ˜€v$r;
RğŸ˜€llï¿½ng;
Drï¿½ng;
D3vï¿½dg$;
M3cï¿½3;
Rï¿½v3ll3nt;
G3ğŸ˜‚ntl$tt;
;
Mï¿½ty3shï¿½n;
H$3rn;
C3sl$tt;
ThğŸ˜€r3ld;
Kn3ggs;
BğŸ˜‚tl$r;
F3r$nd$n;
B$rn3rd$schï¿½;
DğŸ˜€hrm3nn;
J$r$3tt;
;
T$rn$y;
DğŸ˜‚ng3t$;
;
Sï¿½bbğŸ˜€ns;
ğŸ˜€rrğŸ˜€ck;
Sï¿½mğŸ˜€n$tt;
CğŸ˜‚lw$n;
Hï¿½nks$n;
M3xst$3d;
F$3rnl$y;
FğŸ˜€rt$;
P$rrğŸ˜€tt$t;
Gï¿½r3ğŸ˜‚dğŸ˜€ğŸ˜‚x;
ğŸ˜€sm$nt;
F3ï¿½r$st;
Lï¿½tt$f3ï¿½r;
F$ldm$ss$r;
K$nr3t;
Cr$$dl3nd;
ï¿½3nï¿½tt$llğŸ˜€;
K3sh$r;
Gï¿½llğŸ˜€w;
J3k$m3n;
B$rn3rdï¿½nğŸ˜€;
B3rnsd3ll;
B$ck$nh3m;
St3ï¿½rs;
T3m$s;
SchğŸ˜‚l$r;
Wï¿½ndrğŸ˜‚m;
3m$rï¿½cï¿½;
C$llğŸ˜€;
3rlï¿½dg$;
Tr$3gğŸ˜‚st;
BğŸ˜‚tt$n;
V3sï¿½lj$vï¿½c;
R3wsthğŸ˜€rn$;
B$nkï¿½n;
K$nn$3ly;
G$rbl;
;
MğŸ˜€rl$y;
Br$$s$;
NğŸ˜‚ccï¿½ğŸ˜€ttï¿½;
P$rï¿½llğŸ˜€;
3rg3brï¿½t$;
J$3n$n$t;
TğŸ˜€plï¿½n;
S3nfğŸ˜€rd;
;
Byn$th;
;
BğŸ˜‚rkï¿½tt;
CğŸ˜€lch$tt;
T3ss$ll;
DğŸ˜€bby;
K$3v$;
;
B$nyğŸ˜€n;
Dï¿½llï¿½stğŸ˜€n;
ï¿½tzh3k;
$ğŸ˜‚stğŸ˜€n;
Cr$3n;
;
WğŸ˜€lf3rt;
DğŸ˜€m3n$k;
ğŸ˜€nr3$t;
Schï¿½$f$rst$n;
G3g$n;
Fl3th$r;
P$trğŸ˜€ğŸ˜‚;
;
3lpï¿½n$;
CğŸ˜€ğŸ˜‚rtm3n;
K3ch$l;
M$rsh;
M3rks;
Fï¿½lg3t$;
PğŸ˜‚ddï¿½n;
WlğŸ˜€ch;
Br3c$r;
D$ 3mbrğŸ˜€sï¿½s;
;
;
Kl$m$nsï¿½$wï¿½cz;
TğŸ˜€mm3sğŸ˜‚zzï¿½;
;
Rï¿½v$l;
Twï¿½gg$r;
B3rtğŸ˜€l;
FğŸ˜€g$l;
TğŸ˜‚hy;
Br3ï¿½dm3n;
WğŸ˜€rd$n;
J3n3t3;
B$r3rdt;
St3tï¿½ğŸ˜€n;
Y3rr$ll;
M3cï¿½3k;
ï¿½3cğŸ˜€v3ccï¿½;
H3lp$n;
KğŸ˜€ğŸ˜€m3r;
Drï¿½nkh3ll;
BğŸ˜‚sh$ll;
CğŸ˜€ss$ntï¿½n$;
Pï¿½ll$y;
;
Spy$r;
DğŸ˜‚plğŸ˜€ck;
S$bbğŸ˜€rn;
Grz$gğŸ˜€r$k;
WğŸ˜€ğŸ˜€sn3m;
Wï¿½llï¿½mğŸ˜€tt;
Sï¿½dd$ll;
RğŸ˜€wthğŸ˜€rn$;
;
CğŸ˜€ch$t;
Kï¿½llï¿½ngb$ck;
W3gg$tt;
M3tkğŸ˜€vï¿½c;
F3rn3by;
BğŸ˜€ğŸ˜‚rd$l;
TğŸ˜‚ll;
CğŸ˜€n3ghy;
M3c3lğŸ˜€r$n;
3ndryğŸ˜‚shï¿½n;
Fï¿½ly3kğŸ˜€v;
D$$tl$fs;
P$trğŸ˜€vykh;
Bï¿½lstğŸ˜€n;
St$3rl$y;
P$tty;
W$3ll;
B3nd$;
ğŸ˜€g$lb$;
Cl$m$tts;
StğŸ˜€ff$ls;
;
Skï¿½ll$tt;
;
ï¿½tz3ksğŸ˜€n;
G3ï¿½n$s;
Kï¿½lg3ll$n;
;
Fï¿½nnï¿½g3n;
Cï¿½rï¿½c;
JğŸ˜€slğŸ˜€w;
R3wls;
CğŸ˜€llï¿½ngrï¿½dg$;
Wrï¿½ttl$;
Gr3ss;
ğŸ˜€xtğŸ˜€by;
P3vï¿½ğŸ˜€ğŸ˜‚r;
TğŸ˜€ğŸ˜€mbs;
M3rt$l$t;
M$ssğŸ˜‚m;
LğŸ˜€3ch$;
McN3$;
F3ï¿½rnï¿½ngtğŸ˜€n;
ï¿½dw3l $v3ns;
W3ï¿½tï¿½ng;
Wh$3tl3nd;
Nï¿½sï¿½ğŸ˜‚s;
;
WğŸ˜€dh3m;
StğŸ˜‚tt$;
Lï¿½llg3rd;
St$bbï¿½ns;
B3tt$sğŸ˜€n;
CrğŸ˜€3ll;
Br3mhï¿½ll;
S3ntğŸ˜€st$f3nğŸ˜€.;
Rï¿½dd$ll;
CğŸ˜€nbğŸ˜€y;
GğŸ˜€s$lï¿½ng;
N3ğŸ˜‚lls;
M3yb$y;
Sï¿½lb$rm3nn;
H3bl$t;
D$3rsl$y;
M3zz$ğŸ˜€;
HğŸ˜‚$bn$r;
ğŸ˜€'D$$g3n;
D$nhğŸ˜€lm;
;
TğŸ˜€d$rbrğŸ˜‚gg$;
CğŸ˜€xh$3d;
Sh$rw$ll;
V3rr3n;
Hï¿½ng;
DğŸ˜‚nsmğŸ˜€r$;
S3psh$d;
L$$l;
CcğŸ˜€mï¿½nï¿½;
P$3cğŸ˜€p;
;
Sp3ï¿½ght;
H$ws;
Lï¿½nck;
P$l$;
Grï¿½shğŸ˜‚khï¿½n;
M$bï¿½ğŸ˜‚s;
Gï¿½r3ğŸ˜‚lt;
LğŸ˜‚ck;
3br3mï¿½n;
CğŸ˜‚rtğŸ˜€ï¿½s;
Sp3rks;
Y$ğŸ˜‚d3ll;
RğŸ˜€l$s;
L3ddl$;
H3z$l$y;
Gï¿½sb$y;
Lyd3ll;
QğŸ˜‚3kl$y;
WhğŸ˜€rf;
;
V$rn$;
R$m$r;
R$sk$lly;
$nd$rwï¿½ck;
G$rgğŸ˜‚s;
HğŸ˜‚yg$ns;
H3sl$y;
LğŸ˜€r3nd;
$tğŸ˜‚ck;
Pï¿½dg$l$y;
C3rd;
;
LğŸ˜€ng;
PğŸ˜‚dg$;
F$lkï¿½n;
SğŸ˜€r$;
GğŸ˜‚ï¿½llğŸ˜€ğŸ˜‚d;
Y3ï¿½r;
CğŸ˜‚thï¿½ll;
Cl$3v$s;
B3ï¿½yl$;
StğŸ˜‚rt;
F3sl$r;
BğŸ˜‚ckby;
RğŸ˜€bï¿½nsğŸ˜€n;
MğŸ˜€s$l$y;
R$$v$l$y;
R$ï¿½t$nb3ch;
Sh3xby;
Wï¿½nt$rs;
D$w$n;
D3rwğŸ˜€ğŸ˜€d;
;
Cr$bbï¿½n;
;
Gr3$m$;
G3rr3t;
Grï¿½gğŸ˜€l$ttï¿½;
BğŸ˜‚rgh$r;
R3ffl$s;
M3cCrğŸ˜€ss3n;
DğŸ˜‚rstğŸ˜€n;
L3wrï¿½$;
TğŸ˜€wn$r;
StğŸ˜€n$l3k$;
H$3dfğŸ˜€rd;
Pï¿½n3;
C3rlï¿½nğŸ˜€;
P$d$l;
W3ldï¿½$;
Syd$s;
Stï¿½v$ns;
H3rï¿½ğŸ˜€t;
MğŸ˜‚llğŸ˜€rd;
Sï¿½ncl3ï¿½r;
B3ttï¿½n;
QğŸ˜‚3rl$s;
3dsh$d;
H3thğŸ˜€rn;
G3nnï¿½ng;
NğŸ˜‚nsğŸ˜€n;
;
DğŸ˜‚ns;
M3cK$$v$r;
T3ğŸ˜‚ntğŸ˜€n;
CğŸ˜€v$rl$y;
CğŸ˜€rdr$y;
Sp3rsh3tt;
V$scğŸ˜€;
SğŸ˜€ng$r;
;
Ch$ll3m;
G3t$r;
3k$tt;
Dï¿½gg3r;
Bl$ncğŸ˜€$;
ï¿½w3nï¿½ckï¿½;
Gï¿½ngğŸ˜€ld;
ğŸ˜€'Hï¿½ng$rty;
BğŸ˜‚mphr$y;
BğŸ˜‚rstğŸ˜€n;
;
Fï¿½v$y;
Blï¿½nd$;
Lï¿½br$y;
ShğŸ˜‚ry;
D$m3ng$ğŸ˜€n;
PğŸ˜€thbğŸ˜‚ry;
Sl3ffğŸ˜€rd;
Sï¿½bb$rï¿½ng;
RğŸ˜‚d3ll;
;
C$rv3nt$s;
;
Rï¿½$flï¿½n;
Fï¿½ndï¿½ng;
3nglï¿½n;
B$r3n$k;
;
;
CğŸ˜€ttï¿½sfğŸ˜€rd;
M3cK3y;
Br3ssï¿½ngtğŸ˜€n;
Lï¿½dï¿½ngtğŸ˜€n;
$3st3brğŸ˜€ğŸ˜€k;
;
McGrï¿½rl;
Bï¿½nn$s;
YğŸ˜‚rkğŸ˜€v;
G$ggï¿½$;
Cr3ddğŸ˜‚ck;
M3xst$d;
ShğŸ˜‚xsmï¿½th;
L3mb$rtğŸ˜€;
$lbğŸ˜€ğŸ˜‚rn;
KğŸ˜‚nz;
;
Tyn$mğŸ˜€ğŸ˜‚th;
RğŸ˜€dg$r;
ï¿½ğŸ˜€n$scğŸ˜€;
;
Glyss3nn$;
Z3rf3t;
3llğŸ˜€m;
F$ldb$rg;
FrğŸ˜€ttğŸ˜€n;
Dï¿½$gğŸ˜€;
M3cD3ï¿½d;
Gï¿½sb$y;
Lï¿½$bm3nn;
M3cR3nn$ll;
B$mlğŸ˜€tt;
BğŸ˜‚ddl$;
$3dy;
;
;
MğŸ˜€n$tï¿½;
D3vys;
W$dl3k$;
Hï¿½ng;
Bl3yd;
;
Jï¿½r3;
DğŸ˜‚nb3vï¿½n;
Skï¿½ll$n;
Br3nd-H3rdy;
St$ll$;
Sp$ï¿½r;
3nn3nd3l$;
CğŸ˜€dn$r;
Gï¿½3nnï¿½;
P$rï¿½s;
L3mpbr$cht;
M$grğŸ˜€ff;
$ldrï¿½dg$;
P$3ch3m;
BğŸ˜‚rn3rd;
ClğŸ˜‚t$;
DğŸ˜‚g3ll;
DğŸ˜‚ï¿½g3n;
D3wsğŸ˜€n;
R$$dyhğŸ˜€ğŸ˜‚gh;
P$ttï¿½t;
PğŸ˜‚dd$ph3tt;
ShğŸ˜‚rrğŸ˜€cks;
McBr$3rty;
L3lly;
Gr$3tb3tch;
Lï¿½ghtbğŸ˜€ğŸ˜‚rn$;
CrğŸ˜€m3ck;
Rï¿½ck$sï¿½$s;
C3st$ll$ttğŸ˜€;
MğŸ˜‚ss$n;
NğŸ˜€vï¿½c;
F$rrym3n;
Cr$3n$y;
Br$3dmğŸ˜€r$;
S3lsbğŸ˜‚ry;
Gï¿½b3rd;
Bï¿½rch$r;
M3tt$ğŸ˜‚ccï¿½;
R$dhï¿½lls;
3g3r;
G3lï¿½$rğŸ˜€;
B3gst$r;
M$rrï¿½ll;
ï¿½ngğŸ˜€lğŸ˜€ttï¿½;
L$$b;
C3rlï¿½ll;
Lï¿½ff$y;
P$r$llğŸ˜€;
;
M3tch$tt;
Kï¿½ssï¿½ck;
Lï¿½pscğŸ˜€mb$;
;
L3k$s;
Bj$rk3n;
3ttwï¿½ll;
;
DrğŸ˜€g3n;
St3ï¿½t$;
G$rb;
;
CrğŸ˜€ï¿½sï¿½$r;
BğŸ˜€rtğŸ˜€lï¿½nï¿½;
TğŸ˜€ws;
McSh3n$;
P3ï¿½nt$r;
ğŸ˜€rm$rğŸ˜€d;
B$nnï¿½ng;
DğŸ˜€cks$y;
P$tï¿½c3n;
T3llqğŸ˜‚ï¿½st;
Chrï¿½stğŸ˜€n;
;
3d3ms;
T$rnğŸ˜€ğŸ˜‚th;
ï¿½z33c;
K3rlï¿½c$k;
Pr$w$tt;
;
S3ps$d;
Lï¿½tt$f3ï¿½r;
St3nwğŸ˜€rth;
H3ll3g3n;
BğŸ˜‚rghï¿½ll;
G3gï¿½$;
Wï¿½l$y;
;
M3tğŸ˜‚ssğŸ˜€v;
;
;
GğŸ˜€dfr$$;
BrğŸ˜‚ss$ll;
McGr3$;
;
B3rr3cks;
N3rğŸ˜‚p;
B$r$sfğŸ˜€rd;
RğŸ˜€ckhï¿½ll;
3nthğŸ˜€nï¿½$s;
Spï¿½ncks;
K3ys$r;
GğŸ˜‚pp$y;
Pï¿½th$r;
Physï¿½c;
C3p$hğŸ˜€rn;
Cyst$r;
Tï¿½ptğŸ˜€n;
B$n$ï¿½x;
P$tt$fğŸ˜€rd;
R$dl$y;
;
Pï¿½llm3n;
M$nlğŸ˜€w;
Bï¿½ddl$stğŸ˜€n$;
M3ss$ğŸ˜€;
Gr$gğŸ˜€rğŸ˜€wï¿½cz;
L3ng$r$n;
C3ï¿½n$s;
;
H$rtw$ll;
G3ï¿½g$r;
B3ystğŸ˜€n;
H$dd$;
;
BğŸ˜€l3m;
BğŸ˜€r$l3nd;
M$$c$;
F$$ch3n;
Fr$ddï¿½;
FğŸ˜€rs$ï¿½th;
W3lch$r;
;
;
M3cK$$g;
BğŸ˜‚rgh3ll;
3mbrğŸ˜€sï¿½;
Br$$dy;
F$nn;
ğŸ˜€'TğŸ˜‚ğŸ˜€hy;
McKï¿½llğŸ˜€p;
Brymn$r;
WğŸ˜€lst$nhğŸ˜€lm$;
W3rr$n$r;
B3rr3tt;
DğŸ˜‚ck$r;
CğŸ˜€ll$cğŸ˜€tt;
Bry$rs;
McP3ï¿½k;
Phï¿½lï¿½pğŸ˜€t;
ChğŸ˜€l$rtğŸ˜€n;
B3rlï¿½$;
W3l$;
$v$rï¿½tt;
BğŸ˜‚rd$r;
RğŸ˜€m3;
BrğŸ˜€3dfğŸ˜€ğŸ˜€t;
RğŸ˜€m$;
BğŸ˜€l$;
V3ğŸ˜‚dï¿½n;
TğŸ˜€mlï¿½nsğŸ˜€n;
B3tm3n;
Rï¿½$dï¿½g$r;
Prï¿½v$r;
D'3v3ğŸ˜‚x;
D'3l$sï¿½ğŸ˜€;
F3ccï¿½nï¿½;
Pl$3ss;
D3ğŸ˜‚gh$rty;
H$ï¿½ndrï¿½ck;
L$rg3n;
FğŸ˜€rdy;
RğŸ˜€w$n;
3rgh$nt;
H3spï¿½n$3ll;
Flï¿½pp$n;
;
W$3vï¿½ng;
RğŸ˜€sï¿½$r;
H3nn3w3y;
;
BrğŸ˜‚nğŸ˜€n$;
C3ï¿½llğŸ˜€ğŸ˜‚;
GğŸ˜€db$rt;
M3zï¿½llï¿½ğŸ˜‚s;
3ffrğŸ˜€n;
C3stl$dï¿½n$;
TğŸ˜€wlsğŸ˜€n;
BğŸ˜‚xtğŸ˜€n;
Dï¿½llï¿½ntğŸ˜€n$;
B$3mï¿½sh;
;
R$yn3;
Gr3ï¿½n;
WğŸ˜€lf$rs;
;
MğŸ˜‚nnï¿½ngs;
3gglï¿½ğŸ˜€n$;
Wï¿½ltshï¿½r$;
P3ssï¿½ğŸ˜€n;
Trï¿½p$;
ğŸ˜€rt$s;
S$mğŸ˜€ğŸ˜‚r;
H3s$lğŸ˜‚p;
D$3ns;
CrğŸ˜€ssğŸ˜€n;
P$nnï¿½ngs;
DğŸ˜‚ff3n;
Lï¿½dd$n;
K$rmğŸ˜€n;
M3k$y;
Th3ck$;
Pr$sn$ll;
TrğŸ˜€th;
Cr$3v3n;
Brynï¿½ng;
McCr$3ry;
GhğŸ˜€st;
B3lmfğŸ˜€rth;
Fr3yn$;
Scr3nch$r;
CğŸ˜€ldrï¿½ck;
;
McG$$ch3n;
V3n BrğŸ˜‚g;
Sm3rtm3n;
Sh3ddğŸ˜€ck;
B3rck$;
Fr3nkï¿½ss;
;
BrğŸ˜‚mby;
B$nt$;
Gï¿½$v$s;
;
T$bbğŸ˜‚tt;
B3lm$r;
CğŸ˜€l$shï¿½ll;
;
;
R$sğŸ˜‚n;
Fryd;
;
L3fğŸ˜‚$nt$;
L$ BğŸ˜€rgn$;
LğŸ˜‚st$d;
McNï¿½ckl$;
P3rk$n;
;
Pï¿½gny;
Gï¿½llï¿½mgh3m;
M$nï¿½;
S3tch$r;
B$nn$t;
G3ll3nt;
L3rkby;
;
BğŸ˜‚lstrğŸ˜€d$;
SpğŸ˜€ndl$y;
Bï¿½$sty;
ShğŸ˜€v$ll$r;
Kn3ptğŸ˜€n;
Sl$ss$r;
C3sl$tt;
;
BrğŸ˜€ggï¿½nï¿½;
J$3n$ssğŸ˜€n;
Dï¿½ns$y;
BlğŸ˜€gg$tt;
;
Wr$ï¿½fğŸ˜€rd;
Klï¿½mkğŸ˜€v;
B3ll$f3nt;
3lm$y;
F3lkğŸ˜‚s;
VğŸ˜€n D$r $mpt$n;
F$ldb3ğŸ˜‚;
C3n$p$;
L3rğŸ˜€z$;
Cl$nd$nn$n;
L$ï¿½bğŸ˜€ld;
3rï¿½stï¿½d$;
F$rrï¿½llï¿½ğŸ˜€;
GğŸ˜€ğŸ˜€d3;
Jï¿½msğŸ˜€n;
H3yll$r;
;
JğŸ˜‚pp$;
Fl$ğŸ˜‚ry;
Skï¿½plğŸ˜€rn$;
Ch3st3n$t;
D3rnbrğŸ˜€ğŸ˜‚gh;
B$rn3rd$t;
H3cksby;
PlğŸ˜€tt;
Krï¿½stğŸ˜€ff$rs$n;
J3hn;
Gwï¿½llï¿½3ms;
PğŸ˜‚lsfğŸ˜€rd;
ThrğŸ˜€ğŸ˜‚ghtğŸ˜€n;
BğŸ˜€ğŸ˜€m$;
Cr3nï¿½dg$;
Sï¿½rcğŸ˜€mb$;
SğŸ˜€ğŸ˜€ts;
S3rsfï¿½$ld;
PğŸ˜€ï¿½ntğŸ˜€n;
Sc3rc$;
M3psğŸ˜€n;
DğŸ˜€3l$;
BğŸ˜€ld$ck$;
GğŸ˜€3lby;
F3ï¿½rh$3d;
Fr$d$;
$pï¿½scğŸ˜€pï¿½;
$lcy;
;
3dh3ms;
Str3n3gh3n;
D$3k$s;
ğŸ˜€yl$tt;
HğŸ˜€gg3n;
DğŸ˜‚ï¿½nbl$tğŸ˜€n;
;
BğŸ˜€sqğŸ˜‚$t;
Kn3ptğŸ˜€n;
L$thbrï¿½dg$;
;
;
LğŸ˜€rï¿½m$r;
3wd$;
G3vï¿½g3n;
3ng$lï¿½;
H3nfr$y;
W$rlğŸ˜€ck;
KğŸ˜‚nn$k$;
Tr$v3skï¿½s;
BrğŸ˜€m$h$3d;
D3ğŸ˜‚ght$ry;
ğŸ˜€'D3r$;
H3s$ly;
Fï¿½d$llï¿½;
Wï¿½ndğŸ˜€ws;
;
Gr$$nhï¿½ll;
P3nswï¿½ck;
J$drz$j$wsky;
G3rrï¿½g3n;
Ch3tt$rtğŸ˜€n;
;
BrğŸ˜€k$;
JğŸ˜€b$s;
DğŸ˜€mğŸ˜€kğŸ˜€s;
GğŸ˜€ğŸ˜‚ldthğŸ˜€rp;
BrğŸ˜‚mbl$;
3ck$rs;
B$rg$t;
GğŸ˜‚ï¿½ld$r;
L$ğŸ˜‚ty;
;
Y$lï¿½3sh$v;
;
Dr$nn3n;
Fr3nktğŸ˜€n;
M3cN$ï¿½lly;
Kl333s$n;
Sp$3rm3n;
L$ppğŸ˜€;
R3ysd3l$;
St3nw3y;
B3rtğŸ˜‚l;
G$ntry;
GğŸ˜€ym$r;
Mc M$n3mï¿½n;
Strï¿½ckl$r;
G3ytğŸ˜€n;
FğŸ˜‚rphy;
TğŸ˜€wll;
Kï¿½llsh3w;
PlğŸ˜‚m$;
Jï¿½zh3kï¿½;
;
C3rd$n;
Whï¿½ttl$tğŸ˜€n;
B$tt$nsğŸ˜€n;
ThğŸ˜€mk$;
L3ngtr$$;
BrydğŸ˜€n$;
B3rtl$m3n;
CğŸ˜€tt$rrï¿½ll;
MğŸ˜€n3h3n;
McCr$$;
QğŸ˜‚3ï¿½f$;
LğŸ˜€y;
D$mschk$;
D3gw$ll;
Cï¿½ğŸ˜€bğŸ˜€t3rğŸ˜€;
FğŸ˜€ğŸ˜€k$s;
RğŸ˜‚th$rfğŸ˜€rd;
ShğŸ˜‚bğŸ˜€th3m;
PğŸ˜‚ghsl$y;
VğŸ˜€g$ll$r;
H3rnğŸ˜€r;
L3wl$r;
Wï¿½dd$cğŸ˜€mb$;
G$rlts;
M3rtï¿½ns;
ğŸ˜€l$nsby;
RğŸ˜€sch$r;
CrğŸ˜€tt3gh;
S3ndfğŸ˜€rd;
Gr3c$;
Tr$nğŸ˜€w$th;
M$$r$;
M3pl$stğŸ˜€n$;
;
Br3m3ll;
St$3d;
Shï¿½ptğŸ˜€n;
H3dgr3ft;
DğŸ˜‚ffy;
;
D3vï¿½dwï¿½tz;
B3nk$r;
C$lï¿½z;
CrğŸ˜€m$r;
Sl$ï¿½t;
RğŸ˜€bb$y;
$nrrï¿½cğŸ˜€;
DğŸ˜€ğŸ˜‚ght$ry;
Sï¿½psğŸ˜€n;
StğŸ˜‚rl$y;
Dr3ys3y;
H3lstğŸ˜€n;
TğŸ˜€rr$jğŸ˜€n;
T$rzz3;
ğŸ˜€lw$n;
W3rr$nd$r;
Y3r$;
;
Wï¿½ng$3t;
CrğŸ˜€ğŸ˜€t;
Smyth$;
$x$r;
Ch3dw$ll;
L$3thl3y;
;
ğŸ˜€3tt$s;
;
Schrï¿½$v$s;
T3gg$rt;
Tschï¿½$rs$;
M3cM$n$my;
MğŸ˜€s$l$y;
MğŸ˜‚rr3y;
;
;
Grï¿½$v$;
StğŸ˜€ggl$s;
RğŸ˜‚ckh3rd;
RğŸ˜€s$nh3ğŸ˜‚pt;
W3ts3m;
ğŸ˜€sm3r;
P3ll3nt;
;
B3rrï¿½b3ll;
HğŸ˜€yt;
Cr3ï¿½gg;
3cr$m3n;
Brï¿½thm3n;
C3n$rğŸ˜€;
T3bğŸ˜€rr$;
J3ntz$n;
HğŸ˜‚nn3bl$;
CğŸ˜‚rbï¿½shl$y;
B$3ğŸ˜‚m$nt;
R$nï¿½sh;
3ndrz$jcz3k;
Str3c$y;
C3stï¿½bl3ncğŸ˜€;
G3ï¿½nsbğŸ˜‚ry;
Pr$sk$tt;
FğŸ˜‚rm3g$;
R3ï¿½thby;
SpğŸ˜€ttswğŸ˜€ğŸ˜€d;
G3rrï¿½t;
;
H$ll3rd;
Wr3ss$ll;
TğŸ˜‚ckw$ll;
RğŸ˜€llï¿½ng;
H3mm$rtğŸ˜€n;
H3ddrï¿½ll;
Rï¿½ch3rd$s;
TğŸ˜€nry;
TğŸ˜€v$y;
Br3ddğŸ˜€n;
LğŸ˜€ğŸ˜‚ghl3n;
D3rcğŸ˜€;
;
Mï¿½lkï¿½n;
F$r$ncz;
J3cqğŸ˜‚$mğŸ˜€t;
Hï¿½scğŸ˜€k$;
Br3c$gï¿½rdl$;
Gr3hl;
L3pï¿½dğŸ˜‚s;
W3ldğŸ˜€ck;
YğŸ˜‚;
TrğŸ˜€ğŸ˜‚ch$r;
PğŸ˜€nt$r;
MğŸ˜€rrğŸ˜€w$;
Brï¿½d$ğŸ˜€k$;
BğŸ˜€ll3nd;
ğŸ˜€rrï¿½ck;
Hym$rs;
L3ï¿½ng$;
CrğŸ˜€ğŸ˜€k3ll;
;
CğŸ˜€stğŸ˜€ck;
Gï¿½r3ğŸ˜‚dğŸ˜€ğŸ˜‚;
Cr3ï¿½gh3ll;
L$3th3m;
L3tty;
GyğŸ˜‚rkğŸ˜€vï¿½cs;
FğŸ˜€sk$w;
ğŸ˜€lcğŸ˜€t;
P3rdğŸ˜€$;
;
PğŸ˜€stï¿½3ns;
Brï¿½ndl$;
Mï¿½tchï¿½nsğŸ˜€n;
B$h3n;
Brï¿½m$lğŸ˜€w;
ğŸ˜€r3n;
D$ B$rn3rdï¿½s;
H3rlğŸ˜€w;
B$lw3rd;
